competition_name,season_name,competition_short,tournament_id,match_id,team,total_events,shots,passes,carries,pressures,recoveries,duels,interceptions,blocks,clearances,xg,completed_passes,pass_completion_pct
African Cup of Nations,2023,AFCON,AFCON_2023,3920384,Côte d'Ivoire,1998,10,598,510,103,48,20,9,12,9,0.7068961659999999,517,86.45484949832776
African Cup of Nations,2023,AFCON,AFCON_2023,3920384,Guinea-Bissau,1450,10,394,301,145,36,26,15,16,17,0.5296147163,328,83.24873096446701
African Cup of Nations,2023,AFCON,AFCON_2023,3920385,Egypt,2025,22,589,497,141,59,25,11,9,12,1.9291997944000001,512,86.92699490662139
African Cup of Nations,2023,AFCON,AFCON_2023,3920385,Mozambique,1445,6,373,329,140,31,19,11,20,40,0.728198501,309,82.84182305630027
African Cup of Nations,2023,AFCON,AFCON_2023,3920387,Cape Verde Islands,1511,15,417,320,122,34,24,9,21,17,2.720214145,341,81.77458033573141
African Cup of Nations,2023,AFCON,AFCON_2023,3920387,Ghana,1504,11,386,307,185,40,33,16,19,13,1.437942942,304,78.75647668393782
African Cup of Nations,2023,AFCON,AFCON_2023,3920388,Gambia,1143,12,291,223,128,41,24,8,19,20,1.008395458,218,74.91408934707904
African Cup of Nations,2023,AFCON,AFCON_2023,3920388,Senegal,1986,14,594,469,129,34,32,5,10,8,1.7206511999999998,512,86.19528619528619
African Cup of Nations,2023,AFCON,AFCON_2023,3920390,Algeria,1935,16,589,453,101,40,27,7,10,6,0.696929411,489,83.02207130730051
African Cup of Nations,2023,AFCON,AFCON_2023,3920390,Angola,1215,7,296,218,189,39,26,13,22,26,1.197465477,214,72.2972972972973
African Cup of Nations,2023,AFCON,AFCON_2023,3920391,Mali,1623,16,438,332,184,43,43,14,24,17,2.3419830654,346,78.99543378995433
African Cup of Nations,2023,AFCON,AFCON_2023,3920391,South Africa,1885,12,531,448,160,57,20,9,14,18,1.3898648275999999,441,83.05084745762711
African Cup of Nations,2023,AFCON,AFCON_2023,3920393,Namibia,1404,13,325,248,228,66,42,18,30,19,1.6100867957,223,68.61538461538461
African Cup of Nations,2023,AFCON,AFCON_2023,3920393,Tunisia,1687,9,490,338,129,37,24,7,21,45,0.8706826865,389,79.38775510204081
African Cup of Nations,2023,AFCON,AFCON_2023,3920394,Morocco,1779,15,520,409,127,45,18,6,18,12,2.300281349,452,86.92307692307692
African Cup of Nations,2023,AFCON,AFCON_2023,3920394,Tanzania,1645,2,470,369,120,41,23,10,19,23,0.011926915,392,83.40425531914893
African Cup of Nations,2023,AFCON,AFCON_2023,3920395,Congo DR,1683,27,499,415,81,56,17,2,6,13,2.6822564570000003,432,86.57314629258516
African Cup of Nations,2023,AFCON,AFCON_2023,3920395,Zambia,1420,3,409,278,104,27,28,1,25,27,0.096432803,339,82.88508557457213
African Cup of Nations,2023,AFCON,AFCON_2023,3920396,Egypt,1723,11,479,390,155,35,26,13,17,22,1.20358015,404,84.34237995824635
African Cup of Nations,2023,AFCON,AFCON_2023,3920396,Ghana,1398,6,355,300,163,40,26,9,15,36,0.425947081,279,78.59154929577464
African Cup of Nations,2023,AFCON,AFCON_2023,3920398,Côte d'Ivoire,1577,14,460,358,88,42,31,4,14,17,0.6072311182,376,81.73913043478261
African Cup of Nations,2023,AFCON,AFCON_2023,3920398,Nigeria,1074,11,268,181,103,36,37,7,20,29,1.575570081,199,74.25373134328358
African Cup of Nations,2023,AFCON,AFCON_2023,3920400,Cameroon,1514,5,424,332,160,43,21,5,25,18,0.248547065,331,78.06603773584906
African Cup of Nations,2023,AFCON,AFCON_2023,3920400,Senegal,1364,5,378,242,170,38,24,3,25,22,1.2311798999999999,278,73.54497354497354
African Cup of Nations,2023,AFCON,AFCON_2023,3920402,Algeria,1580,15,458,358,106,36,25,8,9,16,1.998045971,396,86.46288209606988
African Cup of Nations,2023,AFCON,AFCON_2023,3920402,Burkina Faso,1049,7,266,196,120,47,31,7,10,12,1.258992304,191,71.80451127819549
African Cup of Nations,2023,AFCON,AFCON_2023,3920404,Mali,1779,12,518,376,148,31,43,10,15,29,0.845760372,437,84.36293436293437
African Cup of Nations,2023,AFCON,AFCON_2023,3920404,Tunisia,1225,5,340,223,146,36,26,5,18,17,0.5300487537,248,72.94117647058823
African Cup of Nations,2023,AFCON,AFCON_2023,3920405,Congo DR,1298,11,343,258,129,47,30,3,16,12,2.31023671,262,76.38483965014578
African Cup of Nations,2023,AFCON,AFCON_2023,3920405,Morocco,1495,11,416,325,125,31,30,8,18,17,1.0546321737,341,81.97115384615384
African Cup of Nations,2023,AFCON,AFCON_2023,3920407,Namibia,1436,4,382,271,144,66,43,11,23,14,0.5685470404,256,67.01570680628272
African Cup of Nations,2023,AFCON,AFCON_2023,3920407,South Africa,1500,12,403,284,150,57,26,13,22,15,2.215672192,285,70.71960297766749
African Cup of Nations,2023,AFCON,AFCON_2023,3920408,Côte d'Ivoire,1644,22,464,351,121,47,29,6,16,7,2.0694979545,368,79.3103448275862
African Cup of Nations,2023,AFCON,AFCON_2023,3920408,Equatorial Guinea,963,10,209,143,131,39,40,1,17,37,1.0926792920000001,134,64.11483253588517
African Cup of Nations,2023,AFCON,AFCON_2023,3920410,Ghana,1126,8,269,207,124,48,27,10,15,35,1.8431652509999998,193,71.74721189591078
African Cup of Nations,2023,AFCON,AFCON_2023,3920410,Mozambique,1468,14,413,303,118,48,23,9,15,13,1.5396220109,320,77.4818401937046
African Cup of Nations,2023,AFCON,AFCON_2023,3920411,Cape Verde Islands,1636,6,426,372,139,47,36,9,27,30,0.406963733,351,82.3943661971831
African Cup of Nations,2023,AFCON,AFCON_2023,3920411,Egypt,1715,27,483,379,139,51,20,14,19,7,1.7644844205,417,86.33540372670807
African Cup of Nations,2023,AFCON,AFCON_2023,3920412,Guinea,1605,4,425,368,124,49,41,5,21,19,0.553162426,340,80.0
African Cup of Nations,2023,AFCON,AFCON_2023,3920412,Senegal,1568,12,412,359,159,43,25,9,14,19,0.942771189,333,80.8252427184466
African Cup of Nations,2023,AFCON,AFCON_2023,3920415,Algeria,2107,16,618,536,104,47,32,8,16,12,1.1864072147,515,83.33333333333334
African Cup of Nations,2023,AFCON,AFCON_2023,3920415,Mauritania,1054,17,203,161,196,45,33,10,28,43,1.3282860823,118,58.128078817733986
African Cup of Nations,2023,AFCON,AFCON_2023,3920416,South Africa,1646,11,418,355,192,58,44,6,27,22,0.5204111787,328,78.4688995215311
African Cup of Nations,2023,AFCON,AFCON_2023,3920416,Tunisia,1795,11,511,356,210,46,39,10,19,26,1.0176946654,407,79.6477495107632
African Cup of Nations,2023,AFCON,AFCON_2023,3920418,Congo DR,1837,9,496,421,206,43,34,11,17,10,0.659066521,403,81.25
African Cup of Nations,2023,AFCON,AFCON_2023,3920418,Tanzania,1756,4,516,359,166,45,38,3,16,23,0.0585539966,412,79.84496124031007
African Cup of Nations,2023,AFCON,AFCON_2023,3920419,Morocco,1842,19,520,451,128,37,29,5,13,17,2.421491488,455,87.5
African Cup of Nations,2023,AFCON,AFCON_2023,3920419,Zambia,1395,11,381,285,132,42,30,8,15,24,0.4399758278,309,81.10236220472441
African Cup of Nations,2023,AFCON,AFCON_2023,3922240,Congo DR,1755,21,453,351,190,61,35,4,22,35,8.626787165,338,74.61368653421634
African Cup of Nations,2023,AFCON,AFCON_2023,3922240,Egypt,2035,20,583,438,140,51,41,5,27,38,8.424148152999999,469,80.44596912521442
African Cup of Nations,2023,AFCON,AFCON_2023,3922242,Côte d'Ivoire,2317,13,645,563,172,61,50,15,15,9,5.038094957,531,82.32558139534883
African Cup of Nations,2023,AFCON,AFCON_2023,3922242,Senegal,1920,18,475,362,285,51,42,20,21,22,5.2354100523,373,78.52631578947368
African Cup of Nations,2023,AFCON,AFCON_2023,3922243,Morocco,1620,13,489,356,116,41,22,2,7,10,2.090429641,411,84.04907975460122
African Cup of Nations,2023,AFCON,AFCON_2023,3922243,South Africa,1501,5,407,346,134,29,24,7,19,27,0.240658424,347,85.25798525798525
African Cup of Nations,2023,AFCON,AFCON_2023,3922356,Congo DR,1078,13,287,214,88,38,23,6,16,31,1.652631181,210,73.17073170731707
African Cup of Nations,2023,AFCON,AFCON_2023,3922356,Guinea,1610,7,462,367,120,34,22,4,15,29,1.135221779,374,80.95238095238095
African Cup of Nations,2023,AFCON,AFCON_2023,3922658,Cape Verde Islands,1978,30,540,392,193,74,26,8,24,37,5.4274397822,414,76.66666666666667
African Cup of Nations,2023,AFCON,AFCON_2023,3922658,South Africa,2018,20,536,430,191,66,48,9,27,32,4.2306515742999995,406,75.74626865671642
African Cup of Nations,2023,AFCON,AFCON_2023,3922659,Côte d'Ivoire,1687,11,427,324,190,62,54,5,23,28,0.837388909,328,76.81498829039812
African Cup of Nations,2023,AFCON,AFCON_2023,3922659,Mali,2409,11,679,554,221,50,45,11,15,27,1.317118139,579,85.27245949926362
African Cup of Nations,2023,AFCON,AFCON_2023,3922837,Nigeria,1629,19,428,325,188,49,25,15,15,14,5.4088133766999995,330,77.10280373831776
African Cup of Nations,2023,AFCON,AFCON_2023,3922837,South Africa,2258,18,660,525,135,45,35,12,22,25,4.892469497,570,86.36363636363636
African Cup of Nations,2023,AFCON,AFCON_2023,3922838,Congo DR,1258,7,323,222,172,31,50,9,15,18,0.826083473,231,71.51702786377709
African Cup of Nations,2023,AFCON,AFCON_2023,3922838,Côte d'Ivoire,1506,14,410,338,118,46,18,9,14,37,0.849561176,336,81.95121951219512
African Cup of Nations,2023,AFCON,AFCON_2023,3923880,Congo DR,1578,20,412,328,197,46,18,10,8,23,7.166134682,351,85.19417475728154
African Cup of Nations,2023,AFCON,AFCON_2023,3923880,South Africa,1796,13,524,443,79,45,27,11,12,15,5.750652511,454,86.64122137404581
African Cup of Nations,2023,AFCON,AFCON_2023,3923881,Côte d'Ivoire,1616,18,464,357,87,47,24,2,15,30,1.4139358625,388,83.62068965517241
African Cup of Nations,2023,AFCON,AFCON_2023,3923881,Nigeria,1083,5,272,196,110,43,27,7,12,34,0.258192665,189,69.48529411764706
Copa America,2024,Copa América,Copa América_2024,3939969,Argentina,2171,19,652,525,137,35,16,10,26,8,3.538291301,588,90.1840490797546
Copa America,2024,Copa América,Copa América_2024,3939969,Canada,1448,10,353,297,219,40,29,9,22,17,0.9772994850000001,290,82.15297450424929
Copa America,2024,Copa América,Copa América_2024,3939971,Jamaica,1367,13,375,270,117,58,45,10,29,30,0.506159274,266,70.93333333333334
Copa America,2024,Copa América,Copa América_2024,3939971,Mexico,1941,20,565,420,142,67,35,11,22,28,1.136080327,456,80.70796460176992
Copa America,2024,Copa América,Copa América_2024,3939972,Ecuador,1184,9,298,221,127,54,47,10,27,25,0.7355915667,202,67.78523489932886
Copa America,2024,Copa América,Copa América_2024,3939972,Venezuela,1854,14,550,432,106,56,32,7,18,22,1.585018539,454,82.54545454545455
Copa America,2024,Copa América,Copa América_2024,3939973,Panama,1415,10,377,284,129,49,36,7,19,23,0.540888124,286,75.86206896551724
Copa America,2024,Copa América,Copa América_2024,3939973,Uruguay,1580,20,448,364,135,42,26,10,15,17,1.361440743,360,80.35714285714286
Copa America,2024,Copa América,Copa América_2024,3939974,Bolivia,1503,6,391,290,182,44,24,10,29,24,0.1496907824,302,77.23785166240408
Copa America,2024,Copa América,Copa América_2024,3939974,United States,1895,20,581,443,131,49,31,6,16,9,2.404683808,477,82.09982788296041
Copa America,2024,Copa América,Copa América_2024,3939975,Colombia,1859,11,561,419,115,49,45,8,23,21,0.621920841,461,82.174688057041
Copa America,2024,Copa América,Copa América_2024,3939975,Paraguay,1135,11,291,196,178,52,32,10,23,19,0.827596594,183,62.88659793814433
Copa America,2024,Copa América,Copa América_2024,3939976,Brazil,2481,20,748,640,123,47,32,9,15,10,1.621192136,660,88.23529411764706
Copa America,2024,Copa América,Copa América_2024,3939976,Costa Rica,1216,2,262,219,192,56,28,8,29,35,0.036730567000000006,191,72.90076335877863
Copa America,2024,Copa América,Copa América_2024,3939977,Argentina,2042,22,595,508,144,38,28,12,20,12,2.784060325,521,87.56302521008404
Copa America,2024,Copa América,Copa América_2024,3939977,Chile,1611,3,393,334,228,53,30,8,23,17,0.1309882215,306,77.86259541984732
Copa America,2024,Copa América,Copa América_2024,3939978,Canada,1507,5,405,300,160,56,36,2,22,25,0.909048214,310,76.5432098765432
Copa America,2024,Copa América,Copa América_2024,3939978,Peru,1437,9,406,283,159,45,37,12,19,14,0.5764393578,287,70.6896551724138
Copa America,2024,Copa América,Copa América_2024,3939979,Mexico,1865,18,530,407,129,64,42,7,20,17,2.384322616,423,79.81132075471699
Copa America,2024,Copa América,Copa América_2024,3939979,Venezuela,1399,10,359,251,141,44,39,11,29,37,1.138640792,260,72.42339832869081
Copa America,2024,Copa América,Copa América_2024,3939980,Ecuador,1180,23,315,222,118,52,37,7,18,26,2.3658249158,240,76.19047619047619
Copa America,2024,Copa América,Copa América_2024,3939980,Jamaica,1354,7,377,279,108,46,35,7,26,22,0.9347469270000001,282,74.80106100795756
Copa America,2024,Copa América,Copa América_2024,3939981,Panama,1912,13,596,506,75,40,22,2,11,16,0.730782593,499,83.7248322147651
Copa America,2024,Copa América,Copa América_2024,3939981,United States,867,6,223,149,103,32,34,9,25,17,0.914278539,133,59.64125560538116
Copa America,2024,Copa América,Copa América_2024,3939982,Bolivia,1430,4,353,285,141,56,45,13,20,22,0.0507624025,283,80.16997167138811
Copa America,2024,Copa América,Copa América_2024,3939982,Uruguay,1863,18,531,434,144,52,45,6,16,11,2.3209622755,447,84.18079096045197
Copa America,2024,Copa América,Copa América_2024,3939983,Brazil,1821,17,500,426,133,51,29,8,18,19,3.747689849,430,86.0
Copa America,2024,Copa América,Copa América_2024,3939983,Paraguay,1615,15,422,357,161,44,39,15,17,12,0.6916759419,349,82.70142180094787
Copa America,2024,Copa América,Copa América_2024,3939984,Colombia,1911,18,566,429,130,55,27,5,13,14,2.902314693,495,87.45583038869258
Copa America,2024,Copa América,Copa América_2024,3939984,Costa Rica,1318,5,335,242,194,41,41,2,20,16,0.165297975,257,76.71641791044776
Copa America,2024,Copa América,Copa América_2024,3939985,Canada,1647,9,473,364,139,41,30,10,22,27,0.699493846,376,79.49260042283298
Copa America,2024,Copa América,Copa América_2024,3939985,Chile,1256,8,364,252,113,35,45,7,23,20,0.454009303,257,70.6043956043956
Copa America,2024,Copa América,Copa América_2024,3939986,Argentina,2163,12,667,555,97,27,35,6,14,13,2.105776813,594,89.05547226386807
Copa America,2024,Copa América,Copa América_2024,3939986,Peru,1012,7,250,178,130,36,28,9,19,5,0.1666223537,176,70.39999999999999
Copa America,2024,Copa América,Copa América_2024,3939988,Ecuador,1300,9,319,245,162,58,55,7,28,39,0.305849259,220,68.96551724137932
Copa America,2024,Copa América,Copa América_2024,3939988,Mexico,1638,20,454,347,126,62,39,5,21,21,0.937626587,357,78.63436123348018
Copa America,2024,Copa América,Copa América_2024,3939989,Bolivia,1674,7,478,370,168,40,33,9,19,20,0.793431835,393,82.21757322175732
Copa America,2024,Copa América,Copa América_2024,3939989,Panama,1563,13,455,357,133,30,30,12,12,10,1.3405597113,366,80.43956043956044
Copa America,2024,Copa América,Copa América_2024,3939990,United States,1293,8,376,226,127,35,29,3,16,17,0.470996951,272,72.3404255319149
Copa America,2024,Copa América,Copa América_2024,3939990,Uruguay,1290,12,352,254,158,56,32,11,19,23,1.2715211382,253,71.875
Copa America,2024,Copa América,Copa América_2024,3939991,Brazil,1624,7,446,367,167,40,36,11,18,22,0.30581762,360,80.71748878923766
Copa America,2024,Copa América,Copa América_2024,3939991,Colombia,1589,13,448,355,140,47,31,7,24,16,1.5030030165,368,82.14285714285714
Copa America,2024,Copa América,Copa América_2024,3939992,Costa Rica,1145,2,304,213,134,51,33,10,19,21,0.27205455,203,66.77631578947368
Copa America,2024,Copa América,Copa América_2024,3939992,Paraguay,1922,17,569,472,133,49,27,14,14,16,1.440062704,481,84.53427065026362
Copa America,2024,Copa América,Copa América_2024,3942228,Argentina,1445,13,401,347,90,38,35,8,19,11,4.776067997,323,80.54862842892769
Copa America,2024,Copa América,Copa América_2024,3942228,Ecuador,1416,13,392,326,117,38,26,7,13,16,4.522527616,314,80.10204081632652
Copa America,2024,Copa América,Copa América_2024,3942229,Canada,1470,22,384,284,145,62,54,6,22,28,6.052097886,283,73.69791666666666
Copa America,2024,Copa América,Copa América_2024,3942229,Venezuela,1660,21,476,317,154,60,52,11,10,25,5.6230584957,346,72.68907563025209
Copa America,2024,Copa América,Copa América_2024,3942415,Brazil,1528,11,426,325,123,38,35,12,21,14,3.809874753,341,80.04694835680752
Copa America,2024,Copa América,Copa América_2024,3942415,Uruguay,1263,17,282,221,218,54,40,8,23,21,4.547336302,200,70.92198581560284
Copa America,2024,Copa América,Copa América_2024,3942416,Colombia,1482,7,412,305,145,28,30,4,14,14,2.180404504,334,81.06796116504854
Copa America,2024,Copa América,Copa América_2024,3942416,Panama,1423,14,370,307,137,55,28,9,11,16,0.609951584,299,80.8108108108108
Copa America,2024,Copa América,Copa América_2024,3942785,Argentina,1782,11,506,396,179,35,19,6,17,15,1.7541940644,432,85.37549407114624
Copa America,2024,Copa América,Copa América_2024,3942785,Canada,1678,9,477,381,156,39,18,11,18,8,0.71756675,411,86.16352201257862
Copa America,2024,Copa América,Copa América_2024,3942852,Colombia,1161,11,302,214,139,37,34,7,12,14,1.171960657,221,73.17880794701986
Copa America,2024,Copa América,Copa América_2024,3942852,Uruguay,1633,11,457,358,152,49,39,9,11,13,0.754563564,374,81.83807439824945
Copa America,2024,Copa América,Copa América_2024,3943076,Canada,1403,19,379,285,147,52,33,14,19,23,6.205309528,272,71.76781002638522
Copa America,2024,Copa América,Copa América_2024,3943076,Uruguay,1459,16,364,289,170,47,24,9,25,26,4.650426863,273,75.0
Copa America,2024,Copa América,Copa América_2024,3943077,Argentina,1917,11,537,417,154,40,36,9,22,19,1.0827015698,436,81.19180633147114
Copa America,2024,Copa América,Copa América_2024,3943077,Colombia,2229,19,660,536,159,53,49,12,22,8,0.9722537356,556,84.24242424242424
FIFA World Cup,2022,World Cup,World Cup_2022,3857254,Denmark,2146,11,646,560,109,44,30,10,23,20,1.566558758,544,84.21052631578947
FIFA World Cup,2022,World Cup,World Cup_2022,3857254,Tunisia,1534,13,417,333,130,51,46,12,20,33,1.059935118,315,75.53956834532374
FIFA World Cup,2022,World Cup,World Cup_2022,3857255,Japan,1068,6,253,158,229,23,27,14,26,22,1.157800672,177,69.96047430830039
FIFA World Cup,2022,World Cup,World Cup_2022,3857255,Spain,3382,12,1093,924,89,56,28,9,8,4,0.857712208,993,90.8508691674291
FIFA World Cup,2022,World Cup,World Cup_2022,3857256,Serbia,1723,12,521,371,94,52,34,5,23,9,1.1890035350000001,407,78.1190019193858
FIFA World Cup,2022,World Cup,World Cup_2022,3857256,Switzerland,1487,14,445,296,83,40,34,18,17,27,3.1035154719999998,346,77.75280898876404
FIFA World Cup,2022,World Cup,World Cup_2022,3857257,Australia,1243,8,350,220,101,39,40,11,28,29,0.469723377,219,62.57142857142857
FIFA World Cup,2022,World Cup,World Cup_2022,3857257,Denmark,2351,14,715,591,101,49,50,12,22,27,0.737154632,590,82.51748251748252
FIFA World Cup,2022,World Cup,World Cup_2022,3857258,Brazil,2101,23,618,547,102,56,39,8,16,22,2.1238895187,539,87.2168284789644
FIFA World Cup,2022,World Cup,World Cup_2022,3857258,Serbia,1555,5,446,341,147,36,33,11,19,19,0.163327144,351,78.69955156950674
FIFA World Cup,2022,World Cup,World Cup_2022,3857260,Mexico,1683,26,488,340,139,64,34,15,19,21,2.3221233279,367,75.20491803278688
FIFA World Cup,2022,World Cup,World Cup_2022,3857260,Saudi Arabia,1229,10,322,191,129,57,37,15,28,30,1.076111142,194,60.24844720496895
FIFA World Cup,2022,World Cup,World Cup_2022,3857261,England,2041,18,630,534,74,35,20,9,13,9,2.91548517,553,87.77777777777777
FIFA World Cup,2022,World Cup,World Cup_2022,3857261,Wales,1274,7,351,244,136,25,34,4,22,14,0.20800949800000001,274,78.06267806267806
FIFA World Cup,2022,World Cup,World Cup_2022,3857262,Portugal,2015,13,619,504,83,43,35,6,15,19,0.973722266,534,86.26817447495961
FIFA World Cup,2022,World Cup,World Cup_2022,3857262,South Korea,1363,12,388,269,111,47,23,7,16,29,1.3989824739999999,309,79.63917525773195
FIFA World Cup,2022,World Cup,World Cup_2022,3857263,Germany,1418,11,371,281,158,45,40,19,21,15,1.1469521137,291,78.4366576819407
FIFA World Cup,2022,World Cup,World Cup_2022,3857263,Spain,2185,7,663,524,124,38,22,12,15,16,0.6395007165,578,87.17948717948718
FIFA World Cup,2022,World Cup,World Cup_2022,3857264,Argentina,2843,24,909,787,88,53,27,7,12,7,3.076659699,826,90.86908690869086
FIFA World Cup,2022,World Cup,World Cup_2022,3857264,Poland,1209,4,337,228,105,24,32,10,17,32,0.19759524499999997,267,79.22848664688428
FIFA World Cup,2022,World Cup,World Cup_2022,3857265,Mexico,1822,11,544,456,96,49,43,8,18,21,0.5291349314,437,80.33088235294117
FIFA World Cup,2022,World Cup,World Cup_2022,3857265,Poland,1362,6,362,250,135,49,31,8,27,28,1.137926228,259,71.54696132596685
FIFA World Cup,2022,World Cup,World Cup_2022,3857266,Denmark,1937,10,567,476,127,36,41,11,14,17,0.8885438419999999,479,84.47971781305115
FIFA World Cup,2022,World Cup,World Cup_2022,3857266,France,1916,21,540,490,109,38,41,15,19,17,1.933569429,464,85.92592592592592
FIFA World Cup,2022,World Cup,World Cup_2022,3857267,Ecuador,1623,9,465,333,113,41,39,9,19,29,1.0016627869999999,362,77.84946236559139
FIFA World Cup,2022,World Cup,World Cup_2022,3857267,Senegal,1204,13,311,225,126,58,31,7,14,39,1.70746471,213,68.48874598070739
FIFA World Cup,2022,World Cup,World Cup_2022,3857268,Belgium,1809,9,534,439,83,39,29,9,31,30,0.670040854,451,84.45692883895131
FIFA World Cup,2022,World Cup,World Cup_2022,3857268,Canada,1690,22,480,406,112,50,22,12,17,10,2.546212336,401,83.54166666666667
FIFA World Cup,2022,World Cup,World Cup_2022,3857269,Brazil,2046,13,597,538,104,55,32,14,17,11,0.922729946,507,84.92462311557789
FIFA World Cup,2022,World Cup,World Cup_2022,3857269,Switzerland,1740,6,513,432,112,41,33,8,14,27,0.288629175,428,83.4307992202729
FIFA World Cup,2022,World Cup,World Cup_2022,3857270,Portugal,2040,15,626,505,86,48,26,7,22,31,1.2137340055999999,525,83.86581469648561
FIFA World Cup,2022,World Cup,World Cup_2022,3857270,Uruguay,1401,11,438,290,125,37,31,9,27,12,1.216681074,324,73.97260273972603
FIFA World Cup,2022,World Cup,World Cup_2022,3857271,England,2619,13,846,660,101,46,30,6,13,7,1.9871577450000002,746,88.17966903073287
FIFA World Cup,2022,World Cup,World Cup_2022,3857271,Iran,1030,8,247,190,141,38,25,21,17,21,1.4556585987,163,65.9919028340081
FIFA World Cup,2022,World Cup,World Cup_2022,3857272,England,1885,8,582,453,103,29,19,7,21,20,0.460638346,500,85.91065292096219
FIFA World Cup,2022,World Cup,World Cup_2022,3857272,United States,1634,10,456,369,157,38,36,4,23,16,0.514287002,377,82.67543859649122
FIFA World Cup,2022,World Cup,World Cup_2022,3857273,Iran,1255,21,363,233,161,57,44,15,20,16,1.4539579476,227,62.53443526170799
FIFA World Cup,2022,World Cup,World Cup_2022,3857273,Wales,1878,10,559,412,90,63,26,10,26,35,0.615635191,438,78.35420393559929
FIFA World Cup,2022,World Cup,World Cup_2022,3857274,Ecuador,1708,15,463,349,170,56,45,15,20,18,1.651054305,359,77.5377969762419
FIFA World Cup,2022,World Cup,World Cup_2022,3857274,Netherlands,1855,2,552,393,135,35,49,5,25,24,0.104464025,457,82.78985507246377
FIFA World Cup,2022,World Cup,World Cup_2022,3857275,France,2204,10,661,583,94,58,42,12,17,19,0.476989374,564,85.32526475037821
FIFA World Cup,2022,World Cup,World Cup_2022,3857275,Tunisia,1360,5,361,280,110,54,44,13,22,34,0.298346986,275,76.17728531855957
FIFA World Cup,2022,World Cup,World Cup_2022,3857276,Canada,1916,5,562,454,135,52,21,10,13,12,1.095618012,480,85.40925266903915
FIFA World Cup,2022,World Cup,World Cup_2022,3857276,Morocco,1472,7,393,328,154,41,42,13,14,29,0.426403825,310,78.88040712468194
FIFA World Cup,2022,World Cup,World Cup_2022,3857277,Croatia,2221,5,686,560,107,43,37,12,18,9,0.849860505,577,84.11078717201165
FIFA World Cup,2022,World Cup,World Cup_2022,3857277,Morocco,1498,8,384,318,168,55,36,15,23,22,0.362638976,301,78.38541666666666
FIFA World Cup,2022,World Cup,World Cup_2022,3857278,Iran,1741,4,515,359,150,45,41,11,22,11,0.920789942,402,78.05825242718447
FIFA World Cup,2022,World Cup,World Cup_2022,3857278,United States,1855,12,517,422,140,60,37,8,12,31,1.169654601,426,82.39845261121856
FIFA World Cup,2022,World Cup,World Cup_2022,3857279,Australia,1605,4,475,361,105,46,29,11,24,21,0.32329253999999996,394,82.94736842105263
FIFA World Cup,2022,World Cup,World Cup_2022,3857279,France,2358,23,763,587,83,44,28,11,13,11,3.170495788,680,89.1218872870249
FIFA World Cup,2022,World Cup,World Cup_2022,3857280,Brazil,2024,21,593,469,132,57,34,4,10,13,2.378218864,512,86.3406408094435
FIFA World Cup,2022,World Cup,World Cup_2022,3857280,Cameroon,1275,7,333,238,140,40,29,11,16,25,0.38336075199999997,254,76.27627627627628
FIFA World Cup,2022,World Cup,World Cup_2022,3857281,Canada,1899,8,529,446,133,57,22,10,19,29,0.286795181,437,82.6086956521739
FIFA World Cup,2022,World Cup,World Cup_2022,3857281,Croatia,1825,13,507,414,166,40,45,17,16,18,2.6102110830000003,411,81.06508875739645
FIFA World Cup,2022,World Cup,World Cup_2022,3857282,United States,2096,6,610,529,137,45,32,13,21,24,0.6024987946,520,85.24590163934425
FIFA World Cup,2022,World Cup,World Cup_2022,3857282,Wales,1591,7,443,339,128,53,40,10,23,29,1.395336012,339,76.52370203160271
FIFA World Cup,2022,World Cup,World Cup_2022,3857283,Belgium,2259,10,703,594,107,41,33,2,3,6,0.642612082,604,85.91749644381224
FIFA World Cup,2022,World Cup,World Cup_2022,3857283,Morocco,1361,10,347,282,161,35,35,8,26,22,0.9911085500000001,287,82.70893371757924
FIFA World Cup,2022,World Cup,World Cup_2022,3857284,Germany,2546,26,826,611,86,56,29,3,23,8,2.768019421,723,87.53026634382567
FIFA World Cup,2022,World Cup,World Cup_2022,3857284,Japan,1171,12,294,179,184,28,48,8,30,41,1.249259581,215,73.12925170068027
FIFA World Cup,2022,World Cup,World Cup_2022,3857285,Netherlands,1599,10,491,336,104,31,29,11,15,16,1.1238838,393,80.04073319755601
FIFA World Cup,2022,World Cup,World Cup_2022,3857285,Senegal,1534,15,430,327,112,49,35,9,13,34,0.6914927065,344,80.0
FIFA World Cup,2022,World Cup,World Cup_2022,3857286,Ecuador,1717,6,519,394,134,34,33,8,21,4,1.1540112984,432,83.23699421965318
FIFA World Cup,2022,World Cup,World Cup_2022,3857286,Qatar,1582,5,468,371,99,33,24,5,11,21,0.30418895050000005,382,81.62393162393163
FIFA World Cup,2022,World Cup,World Cup_2022,3857287,South Korea,1578,7,463,373,103,42,47,13,11,20,0.492992523,351,75.80993520518359
FIFA World Cup,2022,World Cup,World Cup_2022,3857287,Uruguay,1884,10,570,439,102,37,40,17,20,31,0.417294332,475,83.33333333333334
FIFA World Cup,2022,World Cup,World Cup_2022,3857288,Australia,1465,9,404,260,127,45,53,11,35,34,0.3590377687,274,67.82178217821783
FIFA World Cup,2022,World Cup,World Cup_2022,3857288,Tunisia,1894,14,548,401,121,73,53,8,27,35,1.052170345,406,74.08759124087592
FIFA World Cup,2022,World Cup,World Cup_2022,3857289,Argentina,1910,5,567,445,109,34,38,5,17,20,0.325204139,476,83.9506172839506
FIFA World Cup,2022,World Cup,World Cup_2022,3857289,Mexico,1465,4,403,303,147,34,39,16,10,15,0.2063916517,304,75.43424317617865
FIFA World Cup,2022,World Cup,World Cup_2022,3857290,Cameroon,1772,8,533,425,145,52,33,15,15,19,0.6130733495,440,82.55159474671669
FIFA World Cup,2022,World Cup,World Cup_2022,3857290,Switzerland,1829,7,549,404,143,33,29,8,8,28,1.426544536,461,83.97085610200364
FIFA World Cup,2022,World Cup,World Cup_2022,3857291,Costa Rica,975,0,250,168,149,29,38,9,20,21,0.0,172,68.8
FIFA World Cup,2022,World Cup,World Cup_2022,3857291,Spain,3376,17,1090,943,80,45,29,7,14,5,2.761923473,1009,92.56880733944955
FIFA World Cup,2022,World Cup,World Cup_2022,3857292,Costa Rica,1397,7,374,277,125,48,38,15,21,37,1.0347440669999999,284,75.93582887700535
FIFA World Cup,2022,World Cup,World Cup_2022,3857292,Germany,2472,31,766,591,140,57,28,11,16,8,4.316106397,669,87.33681462140991
FIFA World Cup,2022,World Cup,World Cup_2022,3857293,Ghana,1816,9,493,388,146,61,51,6,25,26,1.392694141,384,77.89046653144015
FIFA World Cup,2022,World Cup,World Cup_2022,3857293,Uruguay,1679,12,469,322,147,49,44,10,23,30,1.6365584506000002,364,77.61194029850746
FIFA World Cup,2022,World Cup,World Cup_2022,3857294,Netherlands,2644,13,832,671,137,33,25,4,16,8,1.713953273,747,89.78365384615384
FIFA World Cup,2022,World Cup,World Cup_2022,3857294,Qatar,1667,5,486,364,127,48,26,12,13,11,0.143716575,396,81.48148148148148
FIFA World Cup,2022,World Cup,World Cup_2022,3857295,Costa Rica,1695,4,470,356,161,56,37,12,22,23,0.199368384,374,79.57446808510639
FIFA World Cup,2022,World Cup,World Cup_2022,3857295,Japan,2130,13,619,532,146,47,26,8,13,9,0.773533495,527,85.1373182552504
FIFA World Cup,2022,World Cup,World Cup_2022,3857296,Belgium,2060,16,630,498,119,37,24,12,22,30,2.3818400918,543,86.19047619047619
FIFA World Cup,2022,World Cup,World Cup_2022,3857296,Croatia,2056,11,609,464,164,49,22,12,15,26,0.695021896,514,84.40065681444992
FIFA World Cup,2022,World Cup,World Cup_2022,3857297,Poland,1210,9,337,213,103,32,31,12,17,29,1.734172485,259,76.8545994065282
FIFA World Cup,2022,World Cup,World Cup_2022,3857297,Saudi Arabia,1992,17,582,448,123,52,38,5,17,17,1.971976484,489,84.02061855670104
FIFA World Cup,2022,World Cup,World Cup_2022,3857298,Ghana,1567,9,415,339,140,46,47,12,16,13,0.7800233097,336,80.96385542168674
FIFA World Cup,2022,World Cup,World Cup_2022,3857298,Portugal,2171,11,665,521,110,39,31,3,12,18,2.096873393,576,86.61654135338345
FIFA World Cup,2022,World Cup,World Cup_2022,3857299,Ghana,1338,7,340,262,126,42,45,9,30,56,1.180535828,266,78.23529411764706
FIFA World Cup,2022,World Cup,World Cup_2022,3857299,South Korea,2008,21,605,477,126,59,35,5,15,17,1.367792815,499,82.47933884297521
FIFA World Cup,2022,World Cup,World Cup_2022,3857300,Argentina,2128,15,646,527,107,44,23,11,19,18,2.4916334460000003,542,83.90092879256966
FIFA World Cup,2022,World Cup,World Cup_2022,3857300,Saudi Arabia,1201,3,286,228,141,49,38,21,13,29,0.153461642,197,68.88111888111888
FIFA World Cup,2022,World Cup,World Cup_2022,3857301,Qatar,1638,10,452,362,149,41,34,10,16,24,0.960086173,362,80.08849557522124
FIFA World Cup,2022,World Cup,World Cup_2022,3857301,Senegal,1908,12,547,458,137,50,23,6,14,19,0.9029646219999999,462,84.46069469835467
FIFA World Cup,2022,World Cup,World Cup_2022,3869117,Netherlands,1510,11,439,315,138,36,39,7,34,35,1.481948115,332,75.62642369020502
FIFA World Cup,2022,World Cup,World Cup_2022,3869117,United States,2072,18,618,516,103,67,31,15,17,11,1.652097544,499,80.74433656957929
FIFA World Cup,2022,World Cup,World Cup_2022,3869118,England,2086,8,626,550,95,37,36,15,16,11,1.020023461,536,85.62300319488818
FIFA World Cup,2022,World Cup,World Cup_2022,3869118,Senegal,1419,10,408,282,137,36,25,9,20,21,0.972806433,323,79.16666666666666
FIFA World Cup,2022,World Cup,World Cup_2022,3869151,Argentina,2459,14,728,646,127,47,33,16,13,25,1.481579303,646,88.73626373626374
FIFA World Cup,2022,World Cup,World Cup_2022,3869151,Australia,1691,5,478,320,216,42,30,9,23,11,0.42611782,384,80.3347280334728
FIFA World Cup,2022,World Cup,World Cup_2022,3869152,France,1954,16,593,473,117,38,21,15,18,12,1.126374493,505,85.16020236087691
FIFA World Cup,2022,World Cup,World Cup_2022,3869152,Poland,1664,12,488,390,120,45,38,8,16,22,1.593527124,406,83.19672131147541
FIFA World Cup,2022,World Cup,World Cup_2022,3869219,Croatia,2563,21,796,575,150,62,41,10,34,43,3.988397506,657,82.53768844221105
FIFA World Cup,2022,World Cup,World Cup_2022,3869219,Japan,1996,17,582,401,133,70,51,21,31,34,4.202976766,436,74.91408934707904
FIFA World Cup,2022,World Cup,World Cup_2022,3869220,Morocco,1371,10,365,242,177,51,41,18,20,35,3.704374606,250,68.4931506849315
FIFA World Cup,2022,World Cup,World Cup_2022,3869220,Spain,3379,15,1068,867,152,50,29,9,18,10,2.8454908599,960,89.8876404494382
FIFA World Cup,2022,World Cup,World Cup_2022,3869253,Brazil,2104,18,641,510,103,42,32,8,16,10,3.261424097,566,88.29953198127926
FIFA World Cup,2022,World Cup,World Cup_2022,3869253,South Korea,1942,8,555,431,175,38,27,22,21,15,0.3448272774,476,85.76576576576576
FIFA World Cup,2022,World Cup,World Cup_2022,3869254,Portugal,1687,15,488,373,172,33,28,10,17,16,2.284260007,404,82.78688524590164
FIFA World Cup,2022,World Cup,World Cup_2022,3869254,Switzerland,1735,10,528,439,106,29,20,9,14,15,1.2718271719999998,438,82.95454545454545
FIFA World Cup,2022,World Cup,World Cup_2022,3869321,Argentina,2297,19,640,514,190,48,43,10,16,27,5.856697131,531,82.96875
FIFA World Cup,2022,World Cup,World Cup_2022,3869321,Netherlands,2411,12,691,530,216,49,33,24,12,27,4.487037827,572,82.77858176555716
FIFA World Cup,2022,World Cup,World Cup_2022,3869354,England,1825,16,554,427,112,42,43,9,8,11,2.352551477,465,83.93501805054152
FIFA World Cup,2022,World Cup,World Cup_2022,3869354,France,1414,8,412,299,118,34,31,7,14,17,0.8393620340000001,328,79.6116504854369
FIFA World Cup,2022,World Cup,World Cup_2022,3869420,Brazil,2572,24,747,600,164,57,36,8,29,13,4.9503305555,652,87.28246318607763
FIFA World Cup,2022,World Cup,World Cup_2022,3869420,Croatia,2573,13,737,657,151,48,48,14,22,34,3.7668888039999997,639,86.70284938941656
FIFA World Cup,2022,World Cup,World Cup_2022,3869486,Morocco,1111,9,249,194,163,50,28,15,25,35,0.972022875,184,73.89558232931726
FIFA World Cup,2022,World Cup,World Cup_2022,3869486,Portugal,2270,12,731,611,79,45,26,4,8,3,0.7441207567,616,84.26812585499316
FIFA World Cup,2022,World Cup,World Cup_2022,3869519,Argentina,1633,9,432,331,192,40,34,8,23,18,1.8643632719999998,358,82.87037037037037
FIFA World Cup,2022,World Cup,World Cup_2022,3869519,Croatia,2173,12,648,594,98,50,29,12,12,8,0.4100536413,559,86.26543209876543
FIFA World Cup,2022,World Cup,World Cup_2022,3869552,France,1480,14,387,315,190,42,33,20,20,19,2.002449116,316,81.65374677002583
FIFA World Cup,2022,World Cup,World Cup_2022,3869552,Morocco,2071,13,615,499,118,53,38,4,11,12,1.23036399,529,86.01626016260163
FIFA World Cup,2022,World Cup,World Cup_2022,3869684,Croatia,1762,12,528,410,113,40,26,8,13,19,0.8492689636,439,83.14393939393939
FIFA World Cup,2022,World Cup,World Cup_2022,3869684,Morocco,1798,9,512,420,144,44,25,16,15,16,0.99145712,431,84.1796875
FIFA World Cup,2022,World Cup,World Cup_2022,3869685,Argentina,2372,24,693,513,167,59,50,13,26,26,5.892305926,560,80.8080808080808
FIFA World Cup,2022,World Cup,World Cup_2022,3869685,France,2035,14,570,427,194,56,48,15,24,19,5.406617949,434,76.14035087719299
UEFA Euro,2024,Euro,Euro_2024,3930158,Germany,2331,20,723,585,121,34,24,5,17,10,1.8446339139999999,665,91.97786998616874
UEFA Euro,2024,Euro,Euro_2024,3930158,Scotland,1041,1,275,189,139,28,23,7,18,19,0.060525935,206,74.90909090909092
UEFA Euro,2024,Euro,Euro_2024,3930159,Hungary,1624,6,483,332,166,34,30,14,18,17,1.102845594,384,79.5031055900621
UEFA Euro,2024,Euro,Euro_2024,3930159,Switzerland,1746,15,492,394,161,45,34,12,15,17,2.0957691709999997,407,82.72357723577237
UEFA Euro,2024,Euro,Euro_2024,3930160,Croatia,2009,16,557,458,222,38,38,11,30,7,2.48209888,482,86.53500897666068
UEFA Euro,2024,Euro,Euro_2024,3930160,Spain,1784,11,490,385,208,39,25,3,17,9,1.567182589,410,83.6734693877551
UEFA Euro,2024,Euro,Euro_2024,3930163,England,2073,5,618,531,108,43,23,7,17,21,0.558814127,543,87.86407766990291
UEFA Euro,2024,Euro,Euro_2024,3930163,Serbia,1847,6,548,416,148,33,28,6,15,16,0.249405245,462,84.30656934306569
UEFA Euro,2024,Euro,Euro_2024,3930164,Belgium,2036,16,601,496,133,40,23,3,22,15,1.750255039,508,84.52579034941763
UEFA Euro,2024,Euro,Euro_2024,3930164,Slovakia,1507,10,399,315,182,48,18,14,22,14,0.7111064834,309,77.44360902255639
UEFA Euro,2024,Euro,Euro_2024,3930165,Austria,1943,5,529,420,222,38,42,8,30,18,0.748317325,432,81.66351606805293
UEFA Euro,2024,Euro,Euro_2024,3930165,France,1775,14,499,380,134,47,20,10,28,23,1.904531775,421,84.3687374749499
UEFA Euro,2024,Euro,Euro_2024,3930166,Czech Republic,1117,5,274,189,142,41,45,16,28,29,0.314766696,177,64.59854014598541
UEFA Euro,2024,Euro,Euro_2024,3930166,Portugal,2493,19,753,641,122,61,26,5,21,13,1.8375108777000002,643,85.3917662682603
UEFA Euro,2024,Euro,Euro_2024,3930167,Albania,1408,14,341,282,188,46,32,11,24,26,1.325860005,264,77.41935483870968
UEFA Euro,2024,Euro,Euro_2024,3930167,Croatia,2311,21,681,592,138,53,22,12,16,12,1.858599932,602,88.39941262848751
UEFA Euro,2024,Euro,Euro_2024,3930168,Germany,2596,19,758,708,140,43,29,7,19,16,1.4836928440000001,688,90.76517150395779
UEFA Euro,2024,Euro,Euro_2024,3930168,Hungary,1284,11,337,247,143,37,26,6,21,29,1.228033313,265,78.63501483679525
UEFA Euro,2024,Euro,Euro_2024,3930169,Scotland,1494,12,418,306,161,37,30,4,16,17,0.771882568,319,76.31578947368422
UEFA Euro,2024,Euro,Euro_2024,3930169,Switzerland,1636,11,456,344,154,33,35,7,23,32,0.990153617,365,80.04385964912281
UEFA Euro,2024,Euro,Euro_2024,3930171,Denmark,1996,16,587,493,155,34,33,9,20,6,0.7333294029999999,495,84.32708688245314
UEFA Euro,2024,Euro,Euro_2024,3930171,England,1885,12,577,437,106,35,31,5,22,8,1.172705295,489,84.74870017331023
UEFA Euro,2024,Euro,Euro_2024,3930172,Italy,1766,4,476,359,231,38,34,9,15,14,0.143399362,389,81.72268907563026
UEFA Euro,2024,Euro,Euro_2024,3930172,Spain,2216,20,624,582,153,44,28,10,16,9,1.5338804222,564,90.38461538461539
UEFA Euro,2024,Euro,Euro_2024,3930173,France,2253,15,697,615,100,29,17,4,11,8,1.2184023685,630,90.38737446197992
UEFA Euro,2024,Euro,Euro_2024,3930173,Netherlands,1428,9,424,327,108,20,20,10,15,22,0.738183302,367,86.55660377358491
UEFA Euro,2024,Euro,Euro_2024,3930174,Portugal,2097,12,610,496,148,43,25,8,18,14,1.901227116,539,88.36065573770492
UEFA Euro,2024,Euro,Euro_2024,3930174,Turkey,1684,11,468,383,141,42,33,11,16,9,0.7789868169999999,389,83.11965811965813
UEFA Euro,2024,Euro,Euro_2024,3930175,Belgium,1718,20,483,422,114,45,25,6,24,17,1.645816926,399,82.6086956521739
UEFA Euro,2024,Euro,Euro_2024,3930175,Romania,1485,14,387,292,175,41,40,7,18,23,1.246037035,311,80.36175710594316
UEFA Euro,2024,Euro,Euro_2024,3930176,Germany,2328,18,690,608,147,49,23,11,15,6,1.541678225,606,87.82608695652175
UEFA Euro,2024,Euro,Euro_2024,3930176,Switzerland,1399,4,367,274,192,37,24,9,27,10,0.28008559899999996,281,76.566757493188
UEFA Euro,2024,Euro,Euro_2024,3930177,Hungary,1544,14,405,282,220,35,59,4,23,30,1.001013093,289,71.35802469135803
UEFA Euro,2024,Euro,Euro_2024,3930177,Scotland,1842,4,539,411,111,44,35,7,20,26,0.18353525399999998,436,80.89053803339517
UEFA Euro,2024,Euro,Euro_2024,3930178,Croatia,1945,6,545,459,186,35,26,10,29,20,1.483235055,470,86.23853211009175
UEFA Euro,2024,Euro,Euro_2024,3930178,Italy,2063,13,608,519,139,45,21,4,13,14,0.985394353,518,85.19736842105263
UEFA Euro,2024,Euro,Euro_2024,3930179,Albania,1589,10,432,378,140,38,30,17,21,16,0.50315428,351,81.25
UEFA Euro,2024,Euro,Euro_2024,3930179,Spain,2187,16,630,542,173,49,30,11,20,15,0.951712625,549,87.14285714285714
UEFA Euro,2024,Euro,Euro_2024,3930180,Austria,1574,9,428,347,165,45,42,9,20,15,1.0578987149999999,337,78.73831775700934
UEFA Euro,2024,Euro,Euro_2024,3930180,Netherlands,1632,11,488,352,141,40,32,9,19,5,1.510208619,395,80.94262295081968
UEFA Euro,2024,Euro,Euro_2024,3930181,England,2522,12,790,687,89,39,13,4,15,7,0.7562220009999999,710,89.87341772151899
UEFA Euro,2024,Euro,Euro_2024,3930181,Slovenia,1166,4,295,215,189,27,26,6,20,17,0.164917273,219,74.23728813559322
UEFA Euro,2024,Euro,Euro_2024,3930184,Czech Republic,1098,12,266,204,143,47,29,6,16,18,1.4103225654,186,69.92481203007519
UEFA Euro,2024,Euro,Euro_2024,3930184,Turkey,1855,18,543,453,88,34,41,6,12,24,1.2175436875,467,86.0036832412523
UEFA Euro,2024,Euro,Euro_2024,3938637,Netherlands,2152,21,631,565,127,36,22,7,12,20,1.312755115,555,87.95562599049128
UEFA Euro,2024,Euro,Euro_2024,3938637,Poland,1257,12,324,247,136,37,33,7,33,23,0.9091575623,250,77.1604938271605
UEFA Euro,2024,Euro,Euro_2024,3938639,Georgia,1755,14,488,387,136,41,44,5,17,27,1.57856751,411,84.22131147540983
UEFA Euro,2024,Euro,Euro_2024,3938639,Turkey,2082,22,613,524,89,48,38,3,14,16,2.4034188392,541,88.25448613376835
UEFA Euro,2024,Euro,Euro_2024,3938641,Austria,1834,15,488,413,198,45,28,22,27,12,1.821698256,410,84.01639344262296
UEFA Euro,2024,Euro,Euro_2024,3938641,Poland,1566,15,428,343,157,43,25,5,22,20,1.438092037,338,78.97196261682244
UEFA Euro,2024,Euro,Euro_2024,3938642,Czech Republic,1950,27,567,441,130,47,38,4,18,13,2.8654523907,464,81.83421516754849
UEFA Euro,2024,Euro,Euro_2024,3938642,Georgia,1382,5,353,313,95,49,39,7,27,43,1.179922648,268,75.92067988668555
UEFA Euro,2024,Euro,Euro_2024,3938643,France,2061,19,592,510,153,34,22,6,22,12,1.8914679426,511,86.31756756756756
UEFA Euro,2024,Euro,Euro_2024,3938643,Poland,1706,10,441,388,178,37,28,11,25,25,1.1790940699999999,372,84.35374149659864
UEFA Euro,2024,Euro,Euro_2024,3938644,Georgia,1193,7,299,254,128,29,39,6,24,19,1.345493071,224,74.91638795986621
UEFA Euro,2024,Euro,Euro_2024,3938644,Portugal,2466,22,737,648,121,53,26,3,18,11,2.356130787,661,89.68792401628222
UEFA Euro,2024,Euro,Euro_2024,3938645,Belgium,1998,12,600,542,63,39,18,2,18,9,0.633984568,516,86.0
UEFA Euro,2024,Euro,Euro_2024,3938645,Ukraine,1528,14,401,308,211,29,33,13,17,21,0.7091700303,338,84.28927680798004
UEFA Euro,2024,Euro,Euro_2024,3940878,Italy,1913,11,563,432,152,42,17,8,19,14,0.725657915,480,85.2575488454707
UEFA Euro,2024,Euro,Euro_2024,3940878,Switzerland,1939,16,561,480,128,39,25,5,16,23,0.782356756,496,88.41354723707666
UEFA Euro,2024,Euro,Euro_2024,3940983,Denmark,1670,10,475,363,166,32,34,6,12,10,1.073495348,387,81.47368421052632
UEFA Euro,2024,Euro,Euro_2024,3940983,Germany,1970,15,575,501,116,28,22,8,15,21,2.2266212784,504,87.65217391304347
UEFA Euro,2024,Euro,Euro_2024,3941017,England,2818,16,872,712,143,64,41,9,25,13,1.586740501,737,84.51834862385321
UEFA Euro,2024,Euro,Euro_2024,3941017,Slovakia,1946,13,514,412,197,59,49,11,28,37,1.547847124,400,77.82101167315176
UEFA Euro,2024,Euro,Euro_2024,3941018,Georgia,1183,4,285,213,155,33,28,11,30,22,0.113077642,225,78.94736842105263
UEFA Euro,2024,Euro,Euro_2024,3941018,Spain,2765,35,850,731,121,40,23,8,13,8,2.764726376,782,92.0
UEFA Euro,2024,Euro,Euro_2024,3941019,Belgium,1764,5,524,426,129,30,30,8,15,14,0.36321392599999996,456,87.02290076335878
UEFA Euro,2024,Euro,Euro_2024,3941019,France,2179,19,650,570,129,30,23,11,13,13,1.262011896,590,90.76923076923077
UEFA Euro,2024,Euro,Euro_2024,3941020,Portugal,2770,23,842,710,112,66,44,13,24,28,4.071676876,718,85.2731591448931
UEFA Euro,2024,Euro,Euro_2024,3941020,Slovenia,1455,13,349,227,215,57,67,14,39,30,3.066036338,216,61.891117478510026
UEFA Euro,2024,Euro,Euro_2024,3941021,Netherlands,1819,24,559,446,75,41,22,12,12,16,2.6262365,470,84.07871198568873
UEFA Euro,2024,Euro,Euro_2024,3941021,Romania,1179,5,319,199,146,26,30,9,23,27,0.267701091,229,71.78683385579937
UEFA Euro,2024,Euro,Euro_2024,3941022,Austria,2108,21,628,483,137,69,37,6,22,8,2.487028219,508,80.89171974522293
UEFA Euro,2024,Euro,Euro_2024,3941022,Turkey,1612,6,427,316,172,42,34,12,34,45,0.8825083735,332,77.75175644028103
UEFA Euro,2024,Euro,Euro_2024,3942226,Germany,2270,23,655,546,183,60,39,6,14,16,1.629074586,543,82.90076335877863
UEFA Euro,2024,Euro,Euro_2024,3942226,Spain,2193,19,606,515,187,63,29,10,27,31,1.534054224,512,84.48844884488449
UEFA Euro,2024,Euro,Euro_2024,3942227,England,2493,18,738,632,196,52,28,3,19,20,4.454541235,647,87.66937669376695
UEFA Euro,2024,Euro,Euro_2024,3942227,Switzerland,2397,16,673,619,190,41,30,6,30,22,4.335406498999999,602,89.45022288261517
UEFA Euro,2024,Euro,Euro_2024,3942349,France,2161,25,625,514,119,41,28,11,22,27,4.984905566,561,89.75999999999999
UEFA Euro,2024,Euro,Euro_2024,3942349,Portugal,3034,19,927,802,143,48,23,6,22,17,4.542798661,839,90.50701186623516
UEFA Euro,2024,Euro,Euro_2024,3942382,Netherlands,1920,11,569,473,102,36,27,6,18,20,0.718929115,498,87.5219683655536
UEFA Euro,2024,Euro,Euro_2024,3942382,Turkey,1497,15,395,338,139,45,39,13,22,12,1.182432874,316,80.0
UEFA Euro,2024,Euro,Euro_2024,3942752,France,1438,9,391,304,174,35,31,6,18,16,0.850764694,318,81.32992327365729
UEFA Euro,2024,Euro,Euro_2024,3942752,Spain,1892,6,542,475,122,41,27,4,19,24,0.421515934,473,87.26937269372694
UEFA Euro,2024,Euro,Euro_2024,3942819,England,1989,9,617,549,77,32,20,7,12,3,1.236570741,559,90.59967585089142
UEFA Euro,2024,Euro,Euro_2024,3942819,Netherlands,1514,7,445,368,93,22,27,9,15,11,0.412172209,396,88.98876404494382
UEFA Euro,2024,Euro,Euro_2024,3943043,England,1289,9,323,267,165,32,36,3,22,25,0.726377697,254,78.63777089783281
UEFA Euro,2024,Euro,Euro_2024,3943043,Spain,2015,16,592,490,162,37,32,2,19,17,1.791713124,518,87.5
